step,split,loss,grad_norm,clip,g_nan,g_inf,n_zero_grad,delta_theta_ratio
0,mu_embeddings,,-5.662938,2.723988,,,2944,
0,mu_layer_scale,,-4.802306,1.288879,,,2,
0,mu_stone,,-48.339545,2.788691,,,7200,
0,mu_gamma,,-7.898342,3.548998,,,192,
0,mu_beta,,-8.416581,2.304612,,,192,
0,mu_kernel,,-8.528948,2.829875,,,66560,
0,mu_bias,,-8.423286,3.168679,,,656,
0,copy/morta,3.023098,2.680924,1,0,0,0,8.098992e-03
1,copy/morta,2.997366,2.362247,1,0,0,0,5.927471e-03
2,copy/morta,3.033387,2.305541,1,0,0,0,nan
3,copy/morta,2.981105,2.188709,1,0,0,0,nan
4,copy/morta,2.993242,2.118933,1,0,0,0,nan
5,copy/morta,2.882030,1.947146,1,0,0,0,nan
6,copy/morta,2.919254,1.868120,1,0,0,0,nan
7,copy/morta,2.890956,1.769349,1,0,0,0,nan
8,copy/morta,2.888578,1.707842,1,0,0,0,nan
9,copy/morta,2.943761,1.781242,1,0,0,0,nan
10,copy/morta,2.844656,1.577281,1,0,0,0,nan
11,copy/morta,2.856781,1.526244,1,0,0,0,nan
12,copy/morta,2.860603,1.493406,1,0,0,0,nan
13,copy/morta,2.859995,1.398093,1,0,0,0,nan
14,copy/morta,2.837654,1.322076,1,0,0,0,nan
15,copy/morta,2.856591,1.357026,1,0,0,0,nan
16,copy/morta,2.854688,1.306280,1,0,0,0,nan
17,copy/morta,2.826131,1.335779,1,0,0,0,nan
18,copy/morta,2.837815,1.254755,1,0,0,0,nan
19,copy/morta,2.821160,1.262735,1,0,0,0,nan
20,copy/morta,2.844517,1.198499,1,0,0,0,nan
21,copy/morta,2.852526,1.279636,1,0,0,0,nan
22,copy/morta,2.852985,1.182564,1,0,0,0,nan
23,copy/morta,2.780701,1.070407,1,0,0,0,nan
24,copy/morta,2.806769,1.125829,1,0,0,0,nan
25,copy/morta,2.830561,1.021861,1,0,0,0,nan
26,copy/morta,2.786212,1.018061,1,0,0,0,nan
27,copy/morta,2.795728,0.999400,0,0,0,0,nan
28,copy/morta,2.802098,0.925839,0,0,0,0,nan
29,copy/morta,2.794101,1.028909,1,0,0,0,nan
30,copy/morta,2.804162,1.049180,1,0,0,0,nan
31,copy/morta,2.816772,1.016620,1,0,0,0,nan
32,copy/morta,2.798225,0.910146,0,0,0,0,nan
33,copy/morta,2.817428,0.879469,0,0,0,0,nan
34,copy/morta,2.829152,0.978628,0,0,0,0,nan
35,copy/morta,2.820925,1.020129,1,0,0,0,nan
36,copy/morta,2.809182,1.109903,1,0,0,0,nan
37,copy/morta,2.820328,0.949147,0,0,0,0,nan
38,copy/morta,2.793213,0.764557,0,0,0,0,nan
39,copy/morta,2.796799,0.827789,0,0,0,0,nan
40,copy/morta,2.776722,0.785155,0,0,0,0,nan
41,copy/morta,2.822710,1.088974,1,0,0,0,nan
42,copy/morta,2.796264,0.943782,0,0,0,0,nan
43,copy/morta,2.795870,0.760465,0,0,0,0,nan
44,copy/morta,2.820854,0.802857,0,0,0,0,nan
45,copy/morta,2.784138,0.704211,0,0,0,0,nan
46,copy/morta,2.786689,0.795501,0,0,0,0,nan
47,copy/morta,2.798754,0.754223,0,0,0,0,nan
48,copy/morta,2.802542,0.713568,0,0,0,0,nan
49,copy/morta,2.806292,0.857090,0,0,0,0,nan
50,copy/morta,2.803925,0.793220,0,0,0,0,nan
51,copy/morta,2.778194,0.747309,0,0,0,0,nan
52,copy/morta,2.784449,0.811627,0,0,0,0,nan
53,copy/morta,2.785391,0.738264,0,0,0,0,nan
54,copy/morta,2.796196,0.815868,0,0,0,0,nan
55,copy/morta,2.799511,0.847715,0,0,0,0,nan
56,copy/morta,2.800612,0.715871,0,0,0,0,nan
57,copy/morta,2.798765,0.760721,0,0,0,0,nan
58,copy/morta,2.784756,0.707626,0,0,0,0,nan
59,copy/morta,2.800917,0.756187,0,0,0,0,nan
60,copy/morta,2.775318,0.836495,0,0,0,0,nan
61,copy/morta,2.801916,0.908495,0,0,0,0,nan
62,copy/morta,2.791425,0.842092,0,0,0,0,nan
63,copy/morta,2.782684,0.708497,0,0,0,0,nan
64,copy/morta,2.782170,0.793127,0,0,0,0,nan
65,copy/morta,2.787132,0.657720,0,0,0,0,nan
66,copy/morta,2.789287,0.894861,0,0,0,0,nan
67,copy/morta,2.774952,0.652399,0,0,0,0,nan
68,copy/morta,2.801468,0.700194,0,0,0,0,nan
69,copy/morta,2.772523,0.795814,0,0,0,0,nan
70,copy/morta,2.789947,0.783291,0,0,0,0,nan
71,copy/morta,2.776676,0.685250,0,0,0,0,nan
72,copy/morta,2.781303,0.761268,0,0,0,0,nan
73,copy/morta,2.784344,0.750982,0,0,0,0,nan
74,copy/morta,2.775285,0.604433,0,0,0,0,nan
75,copy/morta,2.800070,0.623035,0,0,0,0,nan
76,copy/morta,2.775998,0.610532,0,0,0,0,nan
77,copy/morta,2.792545,0.861788,0,0,0,0,nan
78,copy/morta,2.774648,0.673595,0,0,0,0,nan
79,copy/morta,2.805128,0.694145,0,0,0,0,nan
80,copy/morta,2.774460,0.642706,0,0,0,0,nan
81,copy/morta,2.787972,0.649782,0,0,0,0,nan
82,copy/morta,2.793223,0.748045,0,0,0,0,nan
83,copy/morta,2.764839,0.600823,0,0,0,0,nan
84,copy/morta,2.763841,0.654979,0,0,0,0,nan
85,copy/morta,2.787470,0.598664,0,0,0,0,nan
86,copy/morta,2.776946,0.728400,0,0,0,0,nan
87,copy/morta,2.790094,0.772373,0,0,0,0,nan
88,copy/morta,2.777889,0.666924,0,0,0,0,nan
89,copy/morta,2.772454,0.557382,0,0,0,0,nan
90,copy/morta,2.802516,0.756244,0,0,0,0,nan
91,copy/morta,2.773228,0.818357,0,0,0,0,nan
92,copy/morta,2.799381,0.816196,0,0,0,0,nan
93,copy/morta,2.783443,0.612939,0,0,0,0,nan
94,copy/morta,2.768999,0.634417,0,0,0,0,nan
95,copy/morta,2.780003,0.605889,0,0,0,0,nan
96,copy/morta,2.782731,0.700146,0,0,0,0,nan
97,copy/morta,2.779376,0.630948,0,0,0,0,nan
98,copy/morta,2.787206,0.709422,0,0,0,0,nan
99,copy/morta,2.782833,0.903230,0,0,0,0,nan
100,mu_embeddings,,-8.663127,2.738359,,,2944,
100,mu_layer_scale,,-6.785791,2.307366,,,2,
100,mu_stone,,-18.968226,4.807222,,,7200,
100,mu_w_hu,,-21.959798,4.023061,,,480,
100,mu_w_uh,,-19.079301,5.121166,,,480,
100,mu_w_uu,,-21.828733,2.658614,,,32,
100,mu_gate,,-20.605699,4.775358,,,128,
100,mu_gamma,,-13.416388,22.773851,,,320,
100,mu_beta,,-12.842320,19.862406,,,320,
100,mu_kernel,,-11.032387,3.559224,,,66560,
100,mu_bias,,-10.458758,3.571909,,,656,
100,copy/morta,2.788200,0.780162,0,0,0,0,nan
101,copy/morta,2.786945,0.651126,0,0,0,0,nan
102,copy/morta,2.787123,0.565198,0,0,0,0,nan
103,copy/morta,2.789163,0.572318,0,0,0,0,nan
104,copy/morta,2.779120,0.901615,0,0,0,0,nan
105,copy/morta,2.773924,0.526333,0,0,0,0,nan
106,copy/morta,2.790284,0.656153,0,0,0,0,nan
107,copy/morta,2.793814,0.677493,0,0,0,0,nan
108,copy/morta,2.762260,0.660183,0,0,0,0,nan
109,copy/morta,2.785087,0.663591,0,0,0,0,nan
110,copy/morta,2.781547,0.712911,0,0,0,0,nan
111,copy/morta,2.779935,0.666696,0,0,0,0,nan
112,copy/morta,2.773167,0.637457,0,0,0,0,nan
113,copy/morta,2.792693,0.674196,0,0,0,0,nan
114,copy/morta,2.786466,0.672090,0,0,0,0,nan
115,copy/morta,2.774482,0.642145,0,0,0,0,nan
116,copy/morta,2.776327,0.601348,0,0,0,0,nan
117,copy/morta,2.779429,0.615053,0,0,0,0,nan
118,copy/morta,2.787866,0.709638,0,0,0,0,nan
119,copy/morta,2.787283,0.831944,0,0,0,0,nan
120,copy/morta,2.789989,0.814398,0,0,0,0,nan
121,copy/morta,2.794352,0.595895,0,0,0,0,nan
122,copy/morta,2.776025,0.753858,0,0,0,0,nan
123,copy/morta,2.793261,0.732082,0,0,0,0,nan
124,copy/morta,2.786557,0.584494,0,0,0,0,nan
125,copy/morta,2.774711,0.587707,0,0,0,0,nan
126,copy/morta,2.768120,0.550046,0,0,0,0,nan
127,copy/morta,2.803777,0.764263,0,0,0,0,nan
128,copy/morta,2.793644,0.804080,0,0,0,0,nan
129,copy/morta,2.791874,0.612760,0,0,0,0,nan
130,copy/morta,2.770858,0.485100,0,0,0,0,nan
131,copy/morta,2.780419,0.548779,0,0,0,0,nan
132,copy/morta,2.784303,0.791871,0,0,0,0,nan
133,copy/morta,2.764754,0.515272,0,0,0,0,nan
134,copy/morta,2.776024,0.614946,0,0,0,0,nan
135,copy/morta,2.780998,0.707425,0,0,0,0,nan
136,copy/morta,2.769241,0.660998,0,0,0,0,nan
137,copy/morta,2.796430,0.678491,0,0,0,0,nan
138,copy/morta,2.782412,0.617031,0,0,0,0,nan
139,copy/morta,2.775427,0.569945,0,0,0,0,nan
140,copy/morta,2.787133,0.608767,0,0,0,0,nan
141,copy/morta,2.792527,0.689263,0,0,0,0,nan
142,copy/morta,2.773683,0.542901,0,0,0,0,nan
143,copy/morta,2.784598,0.753908,0,0,0,0,nan
144,copy/morta,2.778324,0.625414,0,0,0,0,nan
145,copy/morta,2.780082,0.834218,0,0,0,0,nan
146,copy/morta,2.789258,0.608023,0,0,0,0,nan
147,copy/morta,2.776075,0.546276,0,0,0,0,nan
148,copy/morta,2.776360,0.508857,0,0,0,0,nan
149,copy/morta,2.789074,0.721301,0,0,0,0,nan
150,copy/morta,2.773925,0.614410,0,0,0,0,nan
151,copy/morta,2.764117,0.465707,0,0,0,0,nan
152,copy/morta,2.775331,0.575992,0,0,0,0,nan
153,copy/morta,2.814074,1.073686,1,0,0,0,nan
154,copy/morta,2.800327,0.677332,0,0,0,0,nan
155,copy/morta,2.785977,0.569165,0,0,0,0,nan
156,copy/morta,2.768501,0.792465,0,0,0,0,nan
157,copy/morta,2.786242,0.633025,0,0,0,0,nan
158,copy/morta,2.778726,0.552637,0,0,0,0,nan
159,copy/morta,2.788603,0.663415,0,0,0,0,nan
160,copy/morta,2.784303,0.523150,0,0,0,0,nan
161,copy/morta,2.769698,0.573268,0,0,0,0,nan
162,copy/morta,2.778117,0.566401,0,0,0,0,nan
163,copy/morta,2.783850,0.516142,0,0,0,0,nan
164,copy/morta,2.786090,0.682672,0,0,0,0,nan
165,copy/morta,2.783196,0.523489,0,0,0,0,nan
166,copy/morta,2.778740,0.504299,0,0,0,0,nan
167,copy/morta,2.789513,0.589119,0,0,0,0,nan
168,copy/morta,2.780782,0.479193,0,0,0,0,nan
169,copy/morta,2.771678,0.442154,0,0,0,0,nan
170,copy/morta,2.781951,0.645583,0,0,0,0,nan
171,copy/morta,2.773544,0.538092,0,0,0,0,nan
172,copy/morta,2.769129,0.444766,0,0,0,0,nan
173,copy/morta,2.776830,0.569762,0,0,0,0,nan
174,copy/morta,2.790087,0.668905,0,0,0,0,nan
175,copy/morta,2.783160,0.519185,0,0,0,0,nan
176,copy/morta,2.792371,0.576139,0,0,0,0,nan
177,copy/morta,2.773891,0.691401,0,0,0,0,nan
178,copy/morta,2.773562,0.550610,0,0,0,0,nan
179,copy/morta,2.782499,0.466460,0,0,0,0,nan
180,copy/morta,2.777509,0.436070,0,0,0,0,nan
181,copy/morta,2.784171,0.740911,0,0,0,0,nan
182,copy/morta,2.779453,0.630908,0,0,0,0,nan
183,copy/morta,2.777009,0.547836,0,0,0,0,nan
184,copy/morta,2.780206,0.602936,0,0,0,0,nan
185,copy/morta,2.790232,0.555634,0,0,0,0,nan
186,copy/morta,2.770769,0.532107,0,0,0,0,nan
187,copy/morta,2.791635,0.578471,0,0,0,0,nan
188,copy/morta,2.771886,0.647107,0,0,0,0,nan
189,copy/morta,2.777673,0.697331,0,0,0,0,nan
190,copy/morta,2.761107,0.534808,0,0,0,0,nan
191,copy/morta,2.784966,0.614776,0,0,0,0,nan
192,copy/morta,2.779479,0.499214,0,0,0,0,nan
193,copy/morta,2.774245,0.587334,0,0,0,0,nan
194,copy/morta,2.798675,0.728614,0,0,0,0,nan
195,copy/morta,2.780273,0.679085,0,0,0,0,nan
196,copy/morta,2.773027,0.565455,0,0,0,0,nan
197,copy/morta,2.776821,0.680363,0,0,0,0,nan
198,copy/morta,2.772221,0.614984,0,0,0,0,nan
199,copy/morta,2.769332,0.579666,0,0,0,0,nan
200,mu_embeddings,,-9.289299,2.602642,,,2944,
200,mu_layer_scale,,-7.704193,0.849145,,,2,
200,mu_stone,,-19.554816,5.257001,,,7200,
200,mu_w_hu,,-23.177882,6.609567,,,480,
200,mu_w_uh,,-19.789504,5.391203,,,480,
200,mu_w_uu,,-23.060241,4.332499,,,32,
200,mu_gate,,-21.735266,6.532477,,,128,
200,mu_gamma,,-14.298001,23.866269,,,320,
200,mu_beta,,-13.760211,21.953658,,,320,
200,mu_kernel,,-11.815644,3.705140,,,66560,
200,mu_bias,,-11.456037,4.421383,,,656,
200,copy/morta,2.781290,0.547169,0,0,0,0,nan
201,copy/morta,2.790130,0.567890,0,0,0,0,nan
202,copy/morta,2.798180,0.906296,0,0,0,0,nan
203,copy/morta,2.779124,0.722295,0,0,0,0,nan
204,copy/morta,2.782777,0.597467,0,0,0,0,nan
205,copy/morta,2.785078,0.479372,0,0,0,0,nan
206,copy/morta,2.789041,0.503545,0,0,0,0,nan
207,copy/morta,2.771937,0.544002,0,0,0,0,nan
208,copy/morta,2.769157,0.776534,0,0,0,0,nan
209,copy/morta,2.773929,0.594661,0,0,0,0,nan
210,copy/morta,2.777862,0.470895,0,0,0,0,nan
211,copy/morta,2.773128,0.585677,0,0,0,0,nan
212,copy/morta,2.774362,0.534081,0,0,0,0,nan
213,copy/morta,2.779667,0.489570,0,0,0,0,nan
214,copy/morta,2.777980,0.542599,0,0,0,0,nan
215,copy/morta,2.798956,0.636338,0,0,0,0,nan
216,copy/morta,2.811225,0.632641,0,0,0,0,nan
217,copy/morta,2.791300,0.827719,0,0,0,0,nan
218,copy/morta,2.796131,0.696797,0,0,0,0,nan
219,copy/morta,2.793810,0.643425,0,0,0,0,nan
220,copy/morta,2.784381,0.602157,0,0,0,0,nan
221,copy/morta,2.780950,0.648235,0,0,0,0,nan
222,copy/morta,2.790596,0.552195,0,0,0,0,nan
223,copy/morta,2.790332,0.696622,0,0,0,0,nan
224,copy/morta,2.788398,0.627218,0,0,0,0,nan
225,copy/morta,2.792258,0.680060,0,0,0,0,nan
226,copy/morta,2.788423,0.517941,0,0,0,0,nan
227,copy/morta,2.781715,0.582871,0,0,0,0,nan
228,copy/morta,2.787546,0.610666,0,0,0,0,nan
229,copy/morta,2.793306,0.582068,0,0,0,0,nan
230,copy/morta,2.780524,0.639844,0,0,0,0,nan
231,copy/morta,2.786660,0.536858,0,0,0,0,nan
232,copy/morta,2.796807,0.776673,0,0,0,0,nan
233,copy/morta,2.777930,0.488076,0,0,0,0,nan
234,copy/morta,2.779107,0.519146,0,0,0,0,nan
235,copy/morta,2.765145,0.569413,0,0,0,0,nan
236,copy/morta,2.769362,0.415662,0,0,0,0,nan
237,copy/morta,2.775213,0.718421,0,0,0,0,nan
238,copy/morta,2.782053,0.643334,0,0,0,0,nan
239,copy/morta,2.767081,0.555847,0,0,0,0,nan
240,copy/morta,2.785659,0.561883,0,0,0,0,nan
241,copy/morta,2.787579,0.713058,0,0,0,0,nan
242,copy/morta,2.777153,0.521347,0,0,0,0,nan
243,copy/morta,2.800313,0.584063,0,0,0,0,nan
244,copy/morta,2.771987,0.601741,0,0,0,0,nan
245,copy/morta,2.771424,0.572566,0,0,0,0,nan
246,copy/morta,2.781844,0.600458,0,0,0,0,nan
247,copy/morta,2.783722,0.627337,0,0,0,0,nan
248,copy/morta,2.777038,0.582015,0,0,0,0,nan
249,copy/morta,2.778753,0.663861,0,0,0,0,nan
250,copy/morta,2.778096,0.621994,0,0,0,0,nan
251,copy/morta,2.773771,0.586001,0,0,0,0,nan
252,copy/morta,2.783045,0.632898,0,0,0,0,nan
253,copy/morta,2.776362,0.418970,0,0,0,0,nan
254,copy/morta,2.772160,0.586222,0,0,0,0,nan
255,copy/morta,2.769345,0.572894,0,0,0,0,nan
256,copy/morta,2.780096,0.529854,0,0,0,0,nan
257,copy/morta,2.783948,0.643789,0,0,0,0,nan
258,copy/morta,2.772359,0.363870,0,0,0,0,nan
259,copy/morta,2.795428,0.688770,0,0,0,0,nan
260,copy/morta,2.788543,0.636938,0,0,0,0,nan
261,copy/morta,2.780282,0.566777,0,0,0,0,nan
262,copy/morta,2.784534,0.617403,0,0,0,0,nan
263,copy/morta,2.779554,0.527892,0,0,0,0,nan
264,copy/morta,2.785930,0.621652,0,0,0,0,nan
265,copy/morta,2.785431,0.520414,0,0,0,0,nan
266,copy/morta,2.779235,0.640619,0,0,0,0,nan
267,copy/morta,2.776798,0.674235,0,0,0,0,nan
268,copy/morta,2.770186,0.411122,0,0,0,0,nan
269,copy/morta,2.785306,0.645916,0,0,0,0,nan
270,copy/morta,2.777233,0.540753,0,0,0,0,nan
271,copy/morta,2.776646,0.767225,0,0,0,0,nan
272,copy/morta,2.785536,0.501846,0,0,0,0,nan
273,copy/morta,2.786473,0.622007,0,0,0,0,nan
274,copy/morta,2.760905,0.638360,0,0,0,0,nan
275,copy/morta,2.797097,0.763490,0,0,0,0,nan
276,copy/morta,2.777589,0.544654,0,0,0,0,nan
277,copy/morta,2.789198,0.826036,0,0,0,0,nan
278,copy/morta,2.782592,0.830771,0,0,0,0,nan
279,copy/morta,2.785554,0.637258,0,0,0,0,nan
280,copy/morta,2.782799,0.609976,0,0,0,0,nan
281,copy/morta,2.785957,0.660993,0,0,0,0,nan
282,copy/morta,2.779026,0.581518,0,0,0,0,nan
283,copy/morta,2.774249,0.514783,0,0,0,0,nan
284,copy/morta,2.774178,0.464517,0,0,0,0,nan
285,copy/morta,2.774063,0.467733,0,0,0,0,nan
286,copy/morta,2.768292,0.537069,0,0,0,0,nan
287,copy/morta,2.778189,0.649424,0,0,0,0,nan
288,copy/morta,2.793803,0.819288,0,0,0,0,nan
289,copy/morta,2.787553,0.503616,0,0,0,0,nan
290,copy/morta,2.789360,0.589630,0,0,0,0,nan
291,copy/morta,2.766726,0.506522,0,0,0,0,nan
292,copy/morta,2.767802,0.419857,0,0,0,0,nan
293,copy/morta,2.764778,0.583917,0,0,0,0,nan
294,copy/morta,2.792894,0.763044,0,0,0,0,nan
295,copy/morta,2.789795,0.638397,0,0,0,0,nan
296,copy/morta,2.780269,0.672012,0,0,0,0,nan
297,copy/morta,2.778673,0.574431,0,0,0,0,nan
298,copy/morta,2.776537,0.410663,0,0,0,0,nan
299,copy/morta,2.782092,0.596327,0,0,0,0,nan
300,mu_embeddings,,-9.683631,2.501856,,,2944,
300,mu_layer_scale,,-8.060856,0.054364,,,2,
300,mu_stone,,-19.902945,5.451755,,,7200,
300,mu_w_hu,,-23.549735,6.124105,,,480,
300,mu_w_uh,,-20.067659,4.988279,,,480,
300,mu_w_uu,,-23.138537,4.919476,,,32,
300,mu_gate,,-21.740888,6.534243,,,128,
300,mu_gamma,,-14.568773,23.181782,,,320,
300,mu_beta,,-14.153296,21.281566,,,320,
300,mu_kernel,,-12.258323,3.863576,,,66560,
300,mu_bias,,-11.872342,4.020158,,,656,
300,copy/morta,2.767230,0.416506,0,0,0,0,nan
301,copy/morta,2.779027,0.540165,0,0,0,0,nan
302,copy/morta,2.796174,0.706709,0,0,0,0,nan
303,copy/morta,2.789440,0.737646,0,0,0,0,nan
304,copy/morta,2.772555,0.505401,0,0,0,0,nan
305,copy/morta,2.772297,0.481894,0,0,0,0,nan
306,copy/morta,2.772753,0.398008,0,0,0,0,nan
307,copy/morta,2.789756,0.707266,0,0,0,0,nan
308,copy/morta,2.791630,0.692312,0,0,0,0,nan
309,copy/morta,2.779499,0.533591,0,0,0,0,nan
310,copy/morta,2.780816,0.615499,0,0,0,0,nan
311,copy/morta,2.772733,0.545581,0,0,0,0,nan
312,copy/morta,2.771775,0.560957,0,0,0,0,nan
313,copy/morta,2.789712,0.509073,0,0,0,0,nan
314,copy/morta,2.780213,0.528705,0,0,0,0,nan
315,copy/morta,2.768799,0.467940,0,0,0,0,nan
316,copy/morta,2.764954,0.659616,0,0,0,0,nan
317,copy/morta,2.781265,0.557487,0,0,0,0,nan
318,copy/morta,2.768415,0.482634,0,0,0,0,nan
319,copy/morta,2.777433,0.576062,0,0,0,0,nan
320,copy/morta,2.780471,0.561263,0,0,0,0,nan
321,copy/morta,2.769423,0.432355,0,0,0,0,nan
322,copy/morta,2.771411,0.711435,0,0,0,0,nan
323,copy/morta,2.773654,0.542009,0,0,0,0,nan
324,copy/morta,2.765372,0.543503,0,0,0,0,nan
325,copy/morta,2.784812,0.568856,0,0,0,0,nan
326,copy/morta,2.767458,0.645049,0,0,0,0,nan
327,copy/morta,2.779072,0.520011,0,0,0,0,nan
328,copy/morta,2.796286,0.698391,0,0,0,0,nan
329,copy/morta,2.787043,0.591258,0,0,0,0,nan
330,copy/morta,2.788026,0.659629,0,0,0,0,nan
331,copy/morta,2.783539,0.568688,0,0,0,0,nan
332,copy/morta,2.784948,0.488876,0,0,0,0,nan
333,copy/morta,2.789249,0.643837,0,0,0,0,nan
334,copy/morta,2.780707,0.597669,0,0,0,0,nan
335,copy/morta,2.773234,0.594545,0,0,0,0,nan
336,copy/morta,2.786227,0.698285,0,0,0,0,nan
337,copy/morta,2.773879,0.504703,0,0,0,0,nan
338,copy/morta,2.775926,0.672690,0,0,0,0,nan
339,copy/morta,2.779405,0.496927,0,0,0,0,nan
340,copy/morta,2.771901,0.549818,0,0,0,0,nan
341,copy/morta,2.773899,0.438246,0,0,0,0,nan
342,copy/morta,2.765946,0.623556,0,0,0,0,nan
343,copy/morta,2.792942,0.673536,0,0,0,0,nan
344,copy/morta,2.774621,0.609761,0,0,0,0,nan
345,copy/morta,2.780768,0.733854,0,0,0,0,nan
346,copy/morta,2.780016,0.650105,0,0,0,0,nan
347,copy/morta,2.782817,0.609519,0,0,0,0,nan
348,copy/morta,2.780339,0.464615,0,0,0,0,nan
349,copy/morta,2.778761,0.642386,0,0,0,0,nan
350,copy/morta,2.795484,0.590545,0,0,0,0,nan
351,copy/morta,2.774283,0.578283,0,0,0,0,nan
352,copy/morta,2.769197,0.473307,0,0,0,0,nan
353,copy/morta,2.792581,0.677118,0,0,0,0,nan
354,copy/morta,2.782418,0.591388,0,0,0,0,nan
355,copy/morta,2.771425,0.501961,0,0,0,0,nan
356,copy/morta,2.778697,0.449596,0,0,0,0,nan
357,copy/morta,2.784818,0.591781,0,0,0,0,nan
358,copy/morta,2.780915,0.536480,0,0,0,0,nan
359,copy/morta,2.770285,0.606705,0,0,0,0,nan
360,copy/morta,2.789983,0.582369,0,0,0,0,nan
361,copy/morta,2.785191,0.617273,0,0,0,0,nan
362,copy/morta,2.787350,0.599397,0,0,0,0,nan
363,copy/morta,2.772947,0.455444,0,0,0,0,nan
364,copy/morta,2.784252,0.828370,0,0,0,0,nan
365,copy/morta,2.781894,0.723705,0,0,0,0,nan
366,copy/morta,2.778088,0.603149,0,0,0,0,nan
367,copy/morta,2.781683,0.641486,0,0,0,0,nan
368,copy/morta,2.773196,0.471263,0,0,0,0,nan
369,copy/morta,2.767250,0.650568,0,0,0,0,nan
370,copy/morta,2.772979,0.600950,0,0,0,0,nan
371,copy/morta,2.763561,0.621680,0,0,0,0,nan
372,copy/morta,2.791208,0.642120,0,0,0,0,nan
373,copy/morta,2.780198,0.666681,0,0,0,0,nan
374,copy/morta,2.794864,0.727170,0,0,0,0,nan
375,copy/morta,2.793573,0.627040,0,0,0,0,nan
376,copy/morta,2.762909,0.343474,0,0,0,0,nan
377,copy/morta,2.780132,0.570126,0,0,0,0,nan
378,copy/morta,2.772728,0.587993,0,0,0,0,nan
379,copy/morta,2.782367,0.473884,0,0,0,0,nan
380,copy/morta,2.782128,0.654028,0,0,0,0,nan
381,copy/morta,2.769831,0.611511,0,0,0,0,nan
382,copy/morta,2.779486,0.365281,0,0,0,0,nan
383,copy/morta,2.782677,0.496841,0,0,0,0,nan
384,copy/morta,2.776532,0.511378,0,0,0,0,nan
385,copy/morta,2.783871,0.527730,0,0,0,0,nan
386,copy/morta,2.772400,0.555373,0,0,0,0,nan
387,copy/morta,2.779922,0.485931,0,0,0,0,nan
388,copy/morta,2.767883,0.549270,0,0,0,0,nan
389,copy/morta,2.782529,0.563774,0,0,0,0,nan
390,copy/morta,2.782206,0.695681,0,0,0,0,nan
391,copy/morta,2.780690,0.645932,0,0,0,0,nan
392,copy/morta,2.771967,0.630900,0,0,0,0,nan
393,copy/morta,2.777618,0.532298,0,0,0,0,nan
394,copy/morta,2.782327,0.477825,0,0,0,0,nan
395,copy/morta,2.781147,0.510616,0,0,0,0,nan
396,copy/morta,2.783225,0.692434,0,0,0,0,nan
397,copy/morta,2.764864,0.490036,0,0,0,0,nan
398,copy/morta,2.775844,0.459056,0,0,0,0,nan
399,copy/morta,2.764831,0.419841,0,0,0,0,9.659120e-02
399,r_val_L0,,2.817540e+01,attn=1.607587e-01|ffn=2.809133e+01,,4.304487e+01,,
399,r_val_L1,,2.225940e+00,attn=6.081439e-04|ffn=2.225799e+00,,3.609568e+00,,
