modo,bits,acc,L_faith_v2,l_faith_std,pmax_medio,KL
normal,16,1.00000,0.00000,0.00000,0.98748,0.000e+00
normal,8,1.00000,0.00000,0.00000,0.98709,1.454e-06
normal,4,1.00000,0.00000,0.00000,0.98707,4.583e-04
answers_alheias,16,1.00000,1.00000,0.00000,0.98761,
answers_alheias,8,1.00000,1.00000,0.00000,0.98765,
answers_alheias,4,1.00000,1.00000,0.00000,0.98713,
massa_difusa,16,1.00000,1.00000,0.00000,0.01562,
massa_difusa,8,1.00000,1.00000,0.00000,0.01562,
massa_difusa,4,1.00000,1.00000,0.00000,0.01562,
