ganho,bits,acc,l_faith,pmax
0.25,16,1.0,1.0,0.01962124677374959
0.25,8,1.0,1.0,0.019625212997198105
0.25,4,1.0,1.0,0.019618564005941152
0.5,16,1.0,1.0,0.024605367984622716
0.5,8,1.0,1.0,0.024602433573454617
0.5,4,1.0,1.0,0.02460634261369705
1.0,16,1.0,1.0,0.03835606053471565
1.0,8,1.0,1.0,0.038360935263335706
1.0,4,1.0,1.0,0.03833358623087406
2.0,16,1.0,1.0,0.09002960920333862
2.0,8,1.0,1.0,0.0899236686527729
2.0,4,1.0,1.0,0.08980916999280453
4.0,16,1.0,1.0,0.36597645431756975
4.0,8,1.0,1.0,0.367741359770298
4.0,4,1.0,1.0,0.36498998254537585
10.0,16,1.0,0.0,0.9873122334480285
10.0,8,1.0,0.0,0.9877003014087677
10.0,4,1.0,0.0,0.987165367603302
